{"cameraMode":{"drawMode":0,"name":"Shaded","section":"Shading Mode"},"sceneLighting":true,"audioPlay":false,"sceneViewState":{"showFog":true,"showMaterialUpdate":false,"showSkybox":true,"showFlares":true,"showImageEffects":true,"showParticleSystems":true},"in2DMode":false,"pivot":{"x":-0.7382644414901733,"y":3.5114452838897707,"z":2.97772479057312},"rotation":{"x":-0.11886865645647049,"y":0.13715513050556184,"z":-0.0165812149643898,"w":-0.9832521080970764},"size":10.0,"orthographic":false}